symbol,price,mom12_1,mom6,vol,dd1y,trend,mdvol,revenue_ttm,gross_profit_ttm,operating_income_ttm,ebitda_ttm,net_income_ttm,eps_ttm,operating_cash_flow_ttm,free_cash_flow_ttm,capex_ttm,revenue_ttm_p,gross_profit_ttm_p,operating_income_ttm_p,ebitda_ttm_p,net_income_ttm_p,eps_ttm_p,operating_cash_flow_ttm_p,free_cash_flow_ttm_p,capex_ttm_p,total_assets,total_liabilities,total_equity,cash_and_equivalents,total_debt,fund_age_d,shares,mcap,rev_g,eps_g,gm,om,om_chg,fcf_margin,roe,roa,equity_ratio,net_debt,nd_ebitda,ey,fcf_yield,sales_y,buyback_yield,accruals,cash_conv,unit_suspect,sector,industry,exchange,country,active,name,quality,growth,value,compounding,total,div_yield,weight
EVR,305.94,0.14966838115863568,-0.14256887419074582,0.3819195624406968,-0.3008059873344847,0.43253968253968256,140001446.60000002,4581531000.0,4533397000.0,1023168000.0,1042829000.0,746973000.0,19.24,1580254000.0,1522809000.0,-57445000.0,3106187000.0,2568655000.0,364224000.0,372891000.0,438770000.0,11.41,715851000.0,667195000.0,-48656000.0,4314273000.0,2225672000.0,1782086000.0,1184318000.0,1098294000.0,129.0,43202033.12087338,13217230013.0,0.474969472217867,0.6862401402278702,0.9894939049850366,0.2233244738494621,0.10606688439976059,0.3323799402426831,0.419156539022247,0.17313994733295737,0.41306750870888326,-86024000.0,-0.08249099325009182,0.05651509425691342,0.11521392897772217,0.346633220084221,,-0.19314517185166538,2.038639950841597,False,Financial Services,Financial - Capital Markets,NYSE,US,True,Evercore Inc.,1.516568705794379,1.7340493444417944,0.8900670550902657,1.7987201093440073,1.4848513036676116,0.011145976335229131,0.03333333333333333
HCI,188.69,0.32439560439560444,0.16152662357648517,0.3276700199975077,-0.2745911642665365,0.3412698412698413,25146315.0,927478000.0,617139000.0,444375000.0,462507999.0,302728000.0,25.71,432193000.0,430479000.0,-2236000.0,759984000.0,659085000.0,281593000.0,217685000.0,132026000.0,12.48,311671000.0,309824000.0,-1847000.0,2320281000.0,1433381000.0,1089021000.0,1017806000.0,67672000.0,129.0,12208051.57666013,2303537252.0,0.22039148192593538,1.0600961538461537,0.665394758689694,0.4791218767453244,0.10859697095783416,0.46413931112112633,0.27798178363869935,0.13047040423121165,0.4693487556033084,-950134000.0,-2.0543082542449174,0.13141875597503905,0.18687737722767245,0.4026320821140339,,-0.05579712112455345,1.4219992864882007,False,Financial Services,Insurance - Property & Casualty,NYSE,US,True,"HCI Group, Inc.",1.5339505820785553,1.7009146435925877,1.50390640342838,0.9797906286670608,1.4296405644416461,0.00847951666754995,0.03333333333333333
DAVE,317.93,1.0384555096922514,0.7352363279118002,0.7047131292661803,-0.3910564342901778,0.5158730158730159,103032549.16,604617000.0,526882000.0,211040000.0,218551000.0,224989000.0,16.709999999999997,326802000.0,326503000.0,-299000.0,381425000.0,317504001.0,-65768000.0,70918000.0,52442000.0,4.0769,152040000.0,150197000.0,-1843000.0,530529000.0,326748000.0,203781000.0,133327000.0,268206000.0,129.0,14744580.401346209,4687744447.0,0.585153044504162,3.0987024454855394,0.8714310050825564,0.3490474134865543,0.5214744961371409,0.5400162416868861,1.1040725092133221,0.4240842630657325,0.3841090684957844,134879000.0,0.6171511454992199,0.047995150448951085,0.06965034115905167,0.12897823395363087,,-0.19190845363778417,1.451195391774709,False,Technology,Software - Application,NASDAQ,US,True,Dave Inc.,2.033679525248623,2.0433065523677194,-0.13811385337607565,1.5062452948165264,1.3612793797641982,0.0,0.03333333333333333
RRC,38.28,0.06094742923165808,0.049342105263157965,0.3192714648811608,-0.2551941238195172,0.4126984126984127,113076835.97999999,3176661000.0,1341722000.0,970660000.0,1523437000.0,902602000.0,3.8,1460376999.0,1297468999.0,-162908000.0,2594455000.0,760693000.0,548275000.0,745758000.0,271254000.0,0.020000000000000018,942667000.0,313029000.0,-629638000.0,7404917000.0,2802317000.0,4602394000.0,247000.0,979148000.0,129.0,230020989.6290491,8805203483.0,0.22440396923438644,188.99999999999983,0.4223686443092291,0.30555983153380234,0.09423413885460769,0.40843797906040336,0.1961157606237102,0.1218922507841749,0.6215321522172362,978901000.0,0.6425608673020282,0.10250779573040333,0.14735252870703022,0.3607708789618667,,-0.07532494948964316,1.4374763173580383,False,Energy,Oil & Gas Exploration & Production,NYSE,US,True,Range Resources Corporation,0.664856767869742,1.8665881478386193,1.3657925500523043,1.2064586099258587,1.275924018921631,0.009926854754440962,0.03333333333333333
NEM,112.98,0.3871250914411122,-0.016025082738198804,0.48516694591927195,-0.321053432790379,0.42063492063492064,845495033.725,24409000000.0,13454000000.0,12843000000.0,16702000000.0,8456000000.0,7.739999999999999,12088000000.0,12273000000.0,185000000.0,19506000000.0,7443000000.0,6722000000.0,9783000000.0,5069000000.0,3.2356999999999987,7584000000.0,4206000000.0,-3378000000.0,57670000000.0,22572000000.0,34926000000.0,8778000000.0,5532000000.0,129.0,908336406.4701717,102623847203.0,0.2513585563416385,1.3920635411193878,0.5511901347863493,0.5261583842025482,0.18154646991976348,0.5028063419230612,0.24211189371814693,0.14662736258019768,0.6056181723599792,-3246000000.0,-0.19434798227757155,0.08239800232077839,0.11959208638634261,0.23784920040774354,,-0.06297901855384082,1.45139545884579,False,Basic Materials,Gold,NYSE,US,True,Newmont Corporation,1.3297135357394843,1.8389758971309471,0.8286831202564544,1.1040924248412403,1.2753662444920315,0.009028146574614976,0.03333333333333333
EQT,51.69,-0.01613855540247988,-0.08480878186968832,0.30530351843846293,-0.28118081180811805,0.35714285714285715,429225719.75,10033148000.0,6426048000.0,4688113000.0,7429622000.0,3351038000.0,5.42,6439832000.0,4061154000.0,-2378678000.0,6335204000.0,2727743000.0,655023000.0,3345313000.0,369228000.0,0.5814999999999999,3412477000.0,1193587000.0,-2218890000.0,41692278000.0,12905229000.0,25118761000.0,326568000.0,5721411000.0,129.0,637699566.6473206,32962690600.0,0.5837134842066649,8.320722269991403,0.6404817311575589,0.46726241853504,0.3638682736898227,0.4047736562841493,0.1334077743723108,0.08037550742609939,0.6024799364525009,5394843000.0,0.7261261743867993,0.10166154336927824,0.12320456631656154,0.3043789149906349,,-0.0740855177066602,1.2119092651291927,False,Energy,Oil & Gas Exploration & Production,NYSE,US,True,EQT Corporation,0.9038575667771658,2.070918803075391,1.1714100897452349,0.9139837953983778,1.2650425637490423,0.012768427161926874,0.03333333333333333
GPOR,162.76,-0.04954954954954949,-0.23306003204222037,0.33206870609915207,-0.3249584250977572,0.36904761904761907,50283613.0,1546789000.0,1044055000.0,699707000.0,1252066000.0,594096000.0,29.539999999999996,918831000.0,361660000.0,-557171000.0,951375000.0,469805000.0,-234064000.0,-18250000.0,-313885000.0,-17.740000000000002,639291000.0,195108000.0,-444183000.0,3075411000.0,1267726000.0,1807685000.0,2921000.0,824075000.0,129.0,17981785.635291226,2926715430.0,0.6258457495729866,,0.6749821727462505,0.45236098782704043,0.6983880539155964,0.23381340312091695,0.3286501796496624,0.19317613158046193,0.5877864779699363,821154000.0,0.655839228922437,0.20299069527234495,0.12357197296766224,0.5285067978064406,,-0.10559076494166146,0.6087568339123643,False,Energy,Oil & Gas Exploration & Production,NYSE,US,True,Gulfport Energy Corporation,1.2819133759579995,1.861065697697085,1.6266742730960029,-0.007311870363187033,1.190585369096975,0.0,0.03333333333333333
CARG,38.99,0.0983763132760267,0.362810206221601,0.3934585191678227,-0.3092492954137843,0.4365079365079365,35076098.045,957378000.0,860453000.0,207925000.0,278261000.0,149086000.0,1.5500000000000003,297250000.0,280660000.0,-16590000.0,903746000.0,761458000.0,160358000.0,191817000.0,38716000.0,0.3800000000000001,271409000.0,219273000.0,-52136000.0,519613000.0,282485000.0,237128000.0,72049000.0,187995000.0,129.0,81819017.92767376,3190123509.0,0.059344107747088204,3.078947368421052,0.8987599464370395,0.21718171923733365,0.03974469600292929,0.2931548458393654,0.6287152930063088,0.28691737889544716,0.45635501806151885,115946000.0,0.4166807421809021,0.04673361378623664,0.08797778493785584,0.3001068758933747,,-0.2851429814111656,1.882537595750104,False,Consumer Cyclical,Auto - Dealerships,NASDAQ,US,True,"CarGurus, Inc.",1.4731140150839384,0.7068736181164001,0.5268787739902147,1.7694726278912594,1.119084758770453,0.0,0.03333333333333333
KNSL,373.76,-0.22872958381739905,-0.09606268743349144,0.355675077817238,-0.39296322637325865,0.25,92048088.78,1917299000.0,894198000.0,661651000.0,678760000.0,526941000.0,22.82,1062828000.0,1013732000.0,-49096000.0,1636916000.0,1369475000.0,516309000.0,492712000.0,405129000.0,17.49,995721000.0,963150000.0,-32571000.0,6215470000.0,4248124000.0,1967346000.0,223263000.0,224466000.0,129.0,20265736.419092465,7574521644.0,0.17128734767086407,0.3047455688965124,0.4663842207188342,0.34509536592884055,0.029679669582784896,0.5287292175085889,0.26784358216602466,0.08477894672486554,0.3165240923051676,1203000.0,0.0017723495786434085,0.06956756146012275,0.13383445815393594,0.2531247635312718,,-0.08621825863530835,1.9238055114329689,False,Financial Services,Insurance - Property & Casualty,NYSE,US,True,"Kinsale Capital Group, Inc.",1.0733308605478842,0.9774736750515846,0.8286831202564542,1.5428046466324614,1.105573075622096,0.0022474315068493154,0.03333333333333333
ADBE,265.21,-0.34179797203417384,-0.011811610403159811,0.38555856643402414,-0.4736569966799107,0.21825396825396826,1317771060.75,24453000000.0,21788000000.0,8961000000.0,9821000000.0,7208000000.0,17.19,10507000000.0,10317000000.0,-190000000.0,22037000000.0,19647000000.0,7997000000.0,9211000000.0,6751000000.0,15.24,9364000000.0,9181000000.0,-183000000.0,29704000000.0,18271000000.0,11433000000.0,6332000000.0,6656000000.0,161.0,303854212.9293767,80585175811.0,0.10963379770386172,0.1279527559055118,0.8910154173312068,0.36645810330020856,0.0035684177713253273,0.4219114219114219,0.6304556984168634,0.24266092108806894,0.3848976568812281,324000000.0,0.032990530495876184,0.0894457315189737,0.12802602831315923,0.30344290688588565,,-0.1110624831672502,1.4313263041065483,False,Technology,Software - Application,NASDAQ,US,True,Adobe Inc.,1.9598065510408738,-0.11044900283068747,1.140718122328329,1.352696017189599,1.0856929219320286,0.0,0.03333333333333333
ADSK,249.08,-0.28809856991706195,0.03610648918469228,0.35754892731729865,-0.425563817742281,0.1626984126984127,447374958.76,7507000000.0,6842000000.0,1997000000.0,2168000000.0,1463000000.0,6.9,2781000000.0,2729000000.0,-52000000.0,6347000000.0,5746000000.0,1408000000.0,1499000000.0,1012000000.0,4.709302325581396,1677000000.0,1624000000.0,-53000000.0,11932000000.0,8743000000.0,3189000000.0,2671000000.0,2724000000.0,99.0,166369708.37080455,41439366961.0,0.18276351031983618,0.46518518518518515,0.9114160117223924,0.26601838284268015,0.04418129445446525,0.36352737445051286,0.4587645029789903,0.12261146496815287,0.26726449882668457,53000000.0,0.024446494464944648,0.035304593368351386,0.06585525311157274,0.18115624225305116,,-0.1104592691920885,1.8653451811346549,False,Technology,Software - Application,NASDAQ,US,True,"Autodesk, Inc.",1.716460283062406,1.264641082411372,-0.3427269694887804,1.6012996095379577,1.0599185013807388,0.0,0.03333333333333333
AR,34.71,0.042623941958887634,0.00989234797788785,0.37191951219264546,-0.26423034330011075,0.376984126984127,169610238.07,5483667000.0,1428090000.0,1144285000.0,2181144000.0,961663000.0,3.11,2032249000.0,1772961000.0,-259288000.0,4453718000.0,606229000.0,264081000.0,1046216000.0,214709000.0,0.6843,1045417000.0,1025187000.0,-20230000.0,15349446000.0,7126233000.0,8063044000.0,0.0,4750665000.0,129.0,313942152.6937482,10896932120.0,0.23125599779779504,3.544790296653514,0.26042609808363637,0.2086714966463135,0.14937699259374437,0.32331667841975087,0.11926798365480829,0.06265131653611472,0.5252986980767905,4750665000.0,2.1780611458940813,0.08825080209823313,0.16270276629015104,0.5032303532418444,,-0.06974753355919165,1.8436406516627966,False,Energy,Oil & Gas Exploration & Production,NYSE,US,True,Antero Resources Corporation,-0.521456288525288,1.8555432475555502,1.5090217313311975,1.37463162827916,1.054435079660155,0.0,0.03333333333333333
PIPR,74.79,-0.06422018348623859,-0.16332923145765743,0.35392590984505784,-0.24560646900269545,0.30158730158730157,48362930.08,1998384000.0,1945200000.0,434825000.0,455820999.0,281658000.0,4.185,596625000.0,570953000.0,-25672000.0,1515095000.0,1231006000.0,159854000.0,130953000.0,203536000.0,9.73,277424000.0,252053000.0,-25371000.0,2130063000.0,572204000.0,1341836000.0,344434000.0,112222000.0,129.0,68797238.18692338,5145345444.0,0.31898263805239946,-0.5698869475847894,0.9733864962890015,0.2175883113555753,0.11208073592301167,0.28570735154004434,0.20990493622171413,0.13222989179193292,0.6299513206886369,-232212000.0,-0.50943681951783,0.054740347964089,0.11096495001434543,0.38838675104512577,,-0.14786745744139962,2.0271144437580326,False,Financial Services,Investment - Banking & Investment Services,NYSE,US,True,Piper Sandler Companies,0.9516577265586504,0.5632899144365063,0.9207590225071716,1.7621607575280722,1.0494668552576,0.043120738066586436,0.03333333333333333
ADT,7.64,-0.19588875453446186,-0.046192259675405745,0.2826945423538234,-0.27752293577981657,0.25793650793650796,60398137.64,5139989000.0,2589346000.0,1316237000.0,2839327000.0,623311000.0,0.7699999999999998,2056415000.0,1787453000.0,-268962000.0,4975886000.0,2502378000.0,1246218000.0,2784902000.0,549791000.0,0.6099999999999999,1987723000.0,1331095000.0,-656628000.0,15913000000.0,12113000000.0,3800000000.0,119000000.0,7669000000.0,129.0,614702945.026178,4696330500.0,0.0329796542766454,0.26229508196721296,0.503764891325643,0.25607778538047454,0.0056263079953415285,0.34775424616667466,0.16402921052631578,0.03916992396154088,0.23879846666247723,7550000000.0,2.659080831478727,0.1327229844662764,0.3806063052845195,1.0944691818431433,,-0.09005869414943757,2.867674403307498,False,Industrials,Security & Protection Services,NYSE,US,True,ADT Inc.,0.46496519060171515,-0.5577674642949719,1.9131326356537894,1.6597945724434537,0.8700312336009965,0.02879581151832461,0.03333333333333333
CF,114.35,0.40505237215033874,0.2460499073771385,0.42137505187025187,-0.2544512551079976,0.42857142857142855,245613241.0,7407000000.0,2993000000.0,2643000000.0,3465000000.0,1758000000.0,11.15,2662000000.0,1621000000.0,-1041000000.0,6129000000.0,2324000000.0,2001000000.0,2877000000.0,1336000000.0,7.59,2412000000.0,1860000000.0,-552000000.0,14608000000.0,6352000000.0,5342000000.0,2042000000.0,3620000000.0,129.0,142048046.9610844,16243194170.0,0.2085168869309839,0.46903820816864306,0.4040772242473336,0.35682462535439446,0.030343959666680298,0.2188470365870123,0.3290902283788843,0.12034501642935377,0.36569003285870755,1578000000.0,0.45541125541125543,0.10822994428318158,0.09979564259558439,0.45600636934330263,,-0.061883899233296825,0.9220705346985211,False,Basic Materials,Agricultural Inputs,NYSE,US,True,"CF Industries Holdings, Inc.",0.6865841132249625,1.1873267804298908,1.3657925500523043,0.14623740726374035,0.8464852127427245,0.017490161783996504,0.03333333333333333
DXCM,84.75,-0.044240837696335245,0.21123338573674433,0.4253092826719258,-0.33333333333333337,0.45634920634920634,329498057.92499995,4817900000.0,2979200000.0,1033400000.0,1292299999.0,930400000.0,2.4,1782500000.0,1429400000.0,-353100000.0,4148000000.0,2463500000.0,632599999.0,949799999.0,535200000.0,1.37,964100000.0,575200001.0,-388899999.0,6633300000.0,3676400000.0,2956900000.0,1118200000.0,1384800000.0,129.0,319352573.5339233,27065130607.000004,0.16149951783992278,0.751824817518248,0.6183606965690446,0.21449179102928662,0.06198455886920948,0.29668527781813653,0.3146538604619703,0.1402620113668913,0.44576605912592526,266600000.0,0.2062988471765835,0.0343763351269166,0.05281334203612919,0.17801133384347756,,-0.12845793194940677,1.5363284608770422,False,Healthcare,Medical - Devices,NASDAQ,US,True,"DexCom, Inc.",0.9125485049192539,1.3916574356666627,-0.5780320530183909,1.5208690355429004,0.8117607307776065,0.0,0.03333333333333333
CRM,192.74,-0.32141813170752076,0.009797244197621513,0.41288761614322517,-0.43472530782844443,0.24206349206349206,2152499369.205,41525000000.0,32255000000.0,8913000000.0,12725000000.0,7457000000.0,7.85,14996000000.0,14402000000.0,-594000000.0,37895000000.0,29252000000.0,7205000000.0,8102000000.0,6197000000.0,6.44,13092000000.0,12434000000.0,-658000000.0,112305000000.0,53163000000.0,59142000000.0,7327000000.0,17176000000.0,188.0,672953356.8537927,129705030000.0,0.09579100145137875,0.21894409937888182,0.7767609873570138,0.2146417820590006,0.024511157966112362,0.34682721252257676,0.1260863684014744,0.06639953697520146,0.5266194737545078,9849000000.0,0.7739882121807465,0.0574919877818154,0.11103655733320443,0.32014949612979543,,-0.06712969146520635,1.9313396808367977,False,Technology,Software - Application,NYSE,US,True,"Salesforce, Inc.",0.49972894317006766,0.4031388603320096,0.833798448159272,1.403879109731908,0.7851363403483143,0.008882432292207117,0.03333333333333333
ARIS,17.4,0.8414481897627966,-0.020270270270270396,0.6385794038688498,-0.41093474426807763,0.4642857142857143,21278471.564999998,1142615000.0,629183000.0,485278000.0,443733000.0,173591000.0,0.8360000000000014,431787225.0,177412038.0,-254375186.0,560512000.0,197246000.0,149457000.0,158282000.0,27693000.0,0.1693000000000015,175600688.0,-25929456.0,-201530143.0,2715611000.0,1143890000.0,1571721000.0,472082000.0,544327000.0,129.0,179947586.20689657,3131088000.0,1.0385201387303038,3.937979917306521,0.5506517943489276,0.42470823505730276,0.15806452359349826,0.1552684307487649,0.11044644692028674,0.06392336752207882,0.5787725119687613,72245000.0,0.1628118711026676,0.05544111184355087,0.056661466557311704,0.36492586602484506,,-0.09507850167052645,1.0220117287186548,False,Basic Materials,Other Precious Metals,NYSE,US,True,"Aris Water Solutions, Inc.",-0.008690938142088083,2.0377841022261847,0.4808408228648563,0.6215089808708968,0.7828607419549625,0.008045977011494254,0.03333333333333333
HL,16.85,1.1869806094182827,-0.25999121651295554,0.7420920817068254,-0.5583149952845017,0.38492063492063494,325679638.0,1573113000.0,801454000.0,698332000.0,845514000.0,273812000.0,0.4099999999999999,721146000.0,483587000.0,-237559000.0,1332390000.0,246719000.0,143322000.0,318348000.0,93327000.0,0.05969999999999996,236935000.0,15937000.0,-220998000.0,3376293000.0,805480000.0,2570813000.0,587550000.0,266247000.0,129.0,618567624.9258159,10422864480.0,0.18067007407740987,5.867671691792298,0.5094700762119441,0.4439172519710917,0.3363496478912052,0.30740766874344055,0.10650794126216104,0.08109841177883555,0.761430657825017,-321303000.0,-0.3800090832322114,0.026270321419357073,0.04639674639615002,0.15092904671442106,,-0.13249264800181737,1.7661278541481016,False,Basic Materials,Silver,NYSE,US,True,Hecla Mining Company,0.4041286236070982,1.8279309968478785,-1.0128349247578887,1.6305470909907058,0.7124429466719484,0.000890207715133531,0.03333333333333333
INCY,120.56,0.5156010230179027,0.11227973060245411,0.33033335667010916,-0.18332278194808715,0.5476190476190477,164045575.86,5361020000.0,4957620000.0,1450244000.0,1870924000.0,1431777000.0,7.3,1516782000.0,1450884000.0,-65898000.0,4413226000.0,4072544000.0,187080000.0,406834000.0,21270000.0,0.30000000000000004,382593000.0,288810000.0,-93783000.0,7339113000.0,1786869000.0,5552244000.0,3461114000.0,33827000.0,129.0,188497180.9140677,22725220131.0,0.2147621717084056,23.33333333333333,0.9247531253380886,0.27051643157458843,0.2281256725244061,0.2706358118417764,0.25787357327956045,0.19508856179214026,0.7565279346427831,-3427287000.0,-1.8318686381702303,0.0630038781471199,0.0638446620818786,0.23590618568692798,,-0.011582462349332951,1.0133449552549034,False,Healthcare,Biotechnology,NASDAQ,US,True,Incyte Corporation,1.2384586852475588,1.921812649253963,0.31203500207187485,-0.68731581413958,0.6962476306084541,0.0,0.03333333333333333
NBIX,163.41,0.4375000000000002,0.15729461756373952,0.3352620236969878,-0.20902139690291077,0.44047619047619047,144266866.28,3102400000.0,3045700000.0,781500000.0,881200000.0,668600000.0,6.71,863700000.0,831300000.0,-32400000.0,2412600000.0,2370500000.0,497300000.0,529900000.0,305800000.0,3.03,529899999.0,492199999.0,-37700000.0,4906200000.0,1498800000.0,3407400000.0,266500000.0,406200000.0,129.0,103694285.1416682,16944683135.0,0.28591560971565944,1.2145214521452146,0.9817238267148014,0.2519017534811759,0.04577558254525613,0.26795384218669416,0.19621999178259084,0.13627654804125391,0.6945089886266357,139700000.0,0.1585338175215615,0.03945780482722494,0.049059636782638485,0.18308987989228634,,-0.03976601035424565,1.2433443015255758,False,Healthcare,Biotechnology,NASDAQ,US,True,"Neurocrine Biosciences, Inc.",0.9646941337717826,1.6401676920357096,-0.4603795112535858,0.43140035142803423,0.6439706664954852,0.0,0.03333333333333333
THC,262.13,0.2652674091298497,0.30173312807270203,0.42241255020621243,-0.3408088235294118,0.3412698412698413,207819284.60000002,21455000000.0,9175000000.0,3463000000.0,4403000000.0,1703000000.0,19.39,4366000000.0,3349000000.0,-1017000000.0,20520000000.0,10922000000.0,3482000000.0,4441000000.0,1455000000.0,15.2,2276000000.0,1422000000.0,-854000000.0,31203000000.0,22353000000.0,4814000000.0,2967000000.0,13209000000.0,129.0,62106180.13962538,16279893000.0,0.045565302144249475,0.2756578947368422,0.42763924493125144,0.16140759729666745,-0.008280511865125906,0.15609415054765788,0.3537598670544246,0.054578085440502515,0.15428003717591257,10242000000.0,2.326141267317738,0.10460756713818696,0.20571388276323438,1.3178833546387558,,-0.08534435791430312,1.9665296535525543,False,Healthcare,Medical - Care Facilities,NYSE,US,True,Tenet Healthcare Corporation,-0.043454690710440606,-0.8062777206640188,1.8773253403340662,1.5428046466324616,0.6425993938980171,0.0,0.03333333333333333
RDDT,161.7,-0.05433858936833158,0.15640420510620023,0.705067934908006,-0.5499242732074914,0.4126984126984127,879061829.4300001,2473556000.0,2260162000.0,620993000.0,655013000.0,707544000.0,3.740000000000001,875550000.0,868733000.0,-6817000.0,1449603000.0,1320278000.0,32590000.0,32810000.0,116948000.0,0.658600000000001,317582000.0,313206000.0,-4376000.0,3484283000.0,304567000.0,3179716000.0,1374348000.0,21288000.0,129.0,198676000.3896104,32125909263.0,0.706367881413049,4.678712420285447,0.9137298690630008,0.2510527354141164,0.22857071792381042,0.35120813921334304,0.22251798588301597,0.20306731686260845,0.9125883287895961,-1353060000.0,-2.0656994594000424,0.022024092585447578,0.027041506993252196,0.0769956728617434,,-0.048218241744427764,1.2278148072770032,False,Communication Services,Internet Content & Information,NYSE,US,True,"Reddit, Inc.",1.2210768089633826,2.0598739027923223,-1.6829428800269968,0.6507564623236448,0.5621910735130882,0.0,0.03333333333333333
KTB,77.05,0.34269304403318435,0.1579501051998795,0.4923588573946376,-0.329100529100529,0.4801587301587302,47721666.49499999,3143633000.0,1502626000.0,376763000.0,460633000.0,277009000.0,4.99,424445000.0,400167000.0,-24277999.0,2600492000.0,1170187000.0,329443000.0,370561000.0,229177000.0,4.119999999999999,389386999.0,368675000.0,-19990999.0,2650075000.0,2031206000.0,618869000.0,56411000.0,1275375000.0,125.0,59748711.17456198,4603638196.0,0.2088608617138603,0.21116504854368956,0.4779902743100101,0.11984954986793941,-0.006835323609848648,0.12729443926819703,0.4476052282470119,0.10452873975264851,0.23352886239068707,1218964000.0,2.646280227426172,0.0601717572507516,0.0869240767764279,0.6828583972414326,,-0.055634651849475955,1.4445992729478103,False,Consumer Cyclical,Apparel - Manufacturers,NYSE,US,True,"Kontoor Brands, Inc.",-0.17381876284176262,0.1270163532552907,1.2276786966762285,1.009038110119809,0.5474785993023914,0.027384815055158992,0.03333333333333333
AZZ,150.92,0.2983781791374862,0.16262229412217843,0.31870598377143067,-0.18153535693264944,0.5833333333333334,24576797.884999998,1650080000.0,394955000.0,264617000.0,566021000.0,317260000.0,10.58,525446000.0,444670000.0,-80776000.0,1577744000.0,382680000.0,236364000.0,334170000.0,128833000.0,1.6099999999999999,249909000.0,134026000.0,-115883000.0,2213474000.0,876443000.0,1337031000.0,705000.0,538386000.0,160.0,31154255.39358601,4701800224.0,0.04584774209250675,5.571428571428572,0.23935506157277223,0.1603661640647726,0.010554787821224848,0.26948390381072435,0.23728694398260025,0.14333125214030074,0.6040418816755923,537681000.0,0.9499311862987415,0.06747628246316575,0.09457441380223133,0.3509464293223871,,-0.09405396223312314,1.4015949063859294,False,Industrials,Manufacturing - Metal Fabrication,NYSE,US,True,AZZ Inc.,-0.36501940196770166,0.20985310537830631,0.9565663178268948,1.2430179617417936,0.5111044957448232,0.005565862708719852,0.03333333333333333
BLBD,68.76,0.4943605429172242,0.16129032258064524,0.4586273772515419,-0.23447255997371008,0.49206349206349204,24000251.400000002,1493095000.0,314218000.0,177208000.0,199143000.0,133009000.0,4.199999999999999,206374000.0,183799000.0,-22575000.0,1373147000.0,250383000.0,117911000.0,144677000.0,104094000.0,3.23,164884000.0,141016000.0,-23868000.0,689364000.0,391436000.0,297928000.0,275893000.0,87982000.0,132.0,36272072.12041885,2494067679.0,0.08735262866976368,0.3003095975232195,0.21044742631915583,0.11868501334476372,0.032815838376606635,0.12309933393387561,0.44644679251362746,0.19294451117261707,0.43217806557928756,-187911000.0,-0.9435983187960411,0.0533301486242467,0.07369447170483139,0.5986585739319867,,-0.10642418228976273,1.3818538595132661,False,Consumer Cyclical,Auto - Manufacturers,NASDAQ,US,True,Blue Bird Corporation,-0.7430752111485355,0.5246327634457656,0.9667969736325299,1.2576417024681676,0.501499057099482,0.0,0.03333333333333333
BKE,45.94,-0.1561285041948024,-0.11227053140096621,0.30676776648139165,-0.279859894921191,0.29365079365079366,22680291.33,1314449000.0,642358000.0,277351000.0,323751000.0,221433000.0,4.3999999999999995,269482000.0,220861000.0,-48621000.0,1227330000.0,599066000.0,242514000.0,281672000.0,195818000.0,3.92,243106000.0,200257000.0,-42849000.0,991279000.0,566636000.0,424643000.0,249461000.0,383814000.0,97.0,48490248.99869395,2227642039.0,0.07098253933334964,0.12244897959183665,0.4886899377609934,0.2110017201123817,0.013406941202064176,0.16802553769678397,0.521456847281128,0.22338110663092833,0.42837889231992204,134353000.0,0.4149886795716461,0.09940241570382755,0.09914564195383278,0.5900629351518536,,-0.048471721886572804,0.9974168258570313,False,Consumer Cyclical,Apparel - Retail,NYSE,US,True,"The Buckle, Inc.",0.5171108194542439,-0.26507760679365,1.4885604197199274,0.10967805544780529,0.46256792195708163,0.1610796691336526,0.03333333333333333
T,23.79,-0.23564064801178197,-0.11396648044692748,0.2508096606458811,-0.2982638888888889,0.24206349206349206,1023559689.815,126528000000.0,100795000000.0,24487000000.0,53572000000.0,21367000000.0,2.9900000000000007,38792000000.0,17350000000.0,-21442000000.0,122934000000.0,73634000000.0,19490000000.0,45220000000.0,11854000000.0,1.6286000000000005,40273000000.0,19491000000.0,-20782000000.0,421188000000.0,293566000000.0,109660000000.0,11964000000.0,164125000000.0,129.0,6635825338.37747,157866284800.0,0.029235199375274634,0.8359327029350361,0.7966220915528579,0.19353028578654527,0.03498993079931634,0.13712379868487606,0.19484771110705817,0.05073031520366202,0.2603587946475208,152161000000.0,2.840308370044053,0.1353487226678562,0.1099031374684001,0.8014884252220016,,-0.041371074199644815,0.8119998127954322,False,Communication Services,Telecommunications Services,NYSE,US,True,AT&T Inc.,0.13470954120236608,0.24298780622751256,1.708519519541085,-0.38752912924891225,0.4246719344305129,0.046658259773013876,0.03333333333333333
LOPE,152.53,-0.2263714814053831,-0.10128446853641293,0.336893896628613,-0.3800952165041941,0.2698412698412698,45953905.925,1125520000.0,599409000.0,310760000.0,354780000.0,219900000.0,8.05,294068000.0,260064000.0,-34004000.0,1047637000.0,793729000.0,278944000.0,324375000.0,229842000.0,8.01,272626000.0,235276000.0,-37350000.0,967894000.0,271704000.0,696190000.0,96145000.0,104180000.0,129.0,25250555.418606177,3851467218.0,0.07434158969184934,0.004993757802746579,0.5325618380837301,0.2761034899424266,0.00984332540070082,0.23106119837941574,0.3158620491532484,0.2271943002022949,0.71928330994923,8035000.0,0.02264783809684875,0.057095124417076114,0.06752335805549105,0.2922314890127672,,-0.07662822581811644,1.1826466575716235,False,Consumer Defensive,Education & Training Services,NASDAQ,US,True,"Grand Canyon Education, Inc.",0.8169481853562846,-0.6240368659933844,0.48595615076767373,0.8993600546720038,0.3945568812006444,0.0,0.03333333333333333
PAYX,120.04,-0.22663431134642253,0.23396381578947367,0.2735943889710164,-0.38173302107728324,0.2896825396825397,324021246.53999996,6333800000.0,4682700000.0,2336900000.0,2814500000.0,1636700000.0,4.550000000000001,2381200000.0,2151700000.0,-229500000.0,5439500000.0,3917800000.0,2258400000.0,2479500000.0,1740000000.0,4.84,1778800000.0,1601900000.0,-176900000.0,17511400000.0,13497800000.0,4013600000.0,1792300000.0,5013400000.0,160.0,298177864.87837386,35793270900.0,0.1644084934277048,-0.05991735537190068,0.7393192080583536,0.36895702421926807,-0.046228195010440565,0.3397170734787963,0.4077885190352801,0.09346482862592369,0.2291992644791393,3221100000.0,1.1444661573991828,0.0457264720112517,0.06011465132682244,0.1769550488329358,,-0.04251516155190333,1.31465754261624,False,Industrials,Staffing & Employment Services,NASDAQ,US,True,"Paychex, Inc.",1.6556237160677891,-0.8780695725039658,-0.23530508352961044,0.6068852401445228,0.28728357504468394,0.03782072642452516,0.03333333333333333
