symbol,company,sector,price,wt%,sh/$100k,mcap$b,ROE,opmgn,revg,FCFyld,ND/EB,divyld
EVR,Evercore Inc.,Financial Services,305.94,3.33,11,13.2,0.42,0.22,0.47,0.115,-0.1,0.011
HCI,"HCI Group, Inc.",Financial Services,188.69,3.33,18,2.3,0.28,0.48,0.22,0.187,-2.1,0.008
DAVE,Dave Inc.,Technology,317.93,3.33,10,4.7,1.1,0.35,0.59,0.07,0.6,0.0
RRC,Range Resources Corporation,Energy,38.28,3.33,87,8.8,0.2,0.31,0.22,0.147,0.6,0.01
NEM,Newmont Corporation,Basic Materials,112.98,3.33,30,102.6,0.24,0.53,0.25,0.12,-0.2,0.009
EQT,EQT Corporation,Energy,51.69,3.33,64,33.0,0.13,0.47,0.58,0.123,0.7,0.013
GPOR,Gulfport Energy Corporation,Energy,162.76,3.33,20,2.9,0.33,0.45,0.63,0.124,0.7,0.0
CARG,"CarGurus, Inc.",Consumer Cyclical,38.99,3.33,85,3.2,0.63,0.22,0.06,0.088,0.4,0.0
KNSL,"Kinsale Capital Group, Inc.",Financial Services,373.76,3.33,9,7.6,0.27,0.35,0.17,0.134,0.0,0.002
ADBE,Adobe Inc.,Technology,265.21,3.33,13,80.6,0.63,0.37,0.11,0.128,0.0,0.0
ADSK,"Autodesk, Inc.",Technology,249.08,3.33,13,41.4,0.46,0.27,0.18,0.066,0.0,0.0
AR,Antero Resources Corporation,Energy,34.71,3.33,96,10.9,0.12,0.21,0.23,0.163,2.2,0.0
PIPR,Piper Sandler Companies,Financial Services,74.79,3.33,45,5.1,0.21,0.22,0.32,0.111,-0.5,0.043
ADT,ADT Inc.,Industrials,7.64,3.33,436,4.7,0.16,0.26,0.03,0.381,2.7,0.029
CF,"CF Industries Holdings, Inc.",Basic Materials,114.35,3.33,29,16.2,0.33,0.36,0.21,0.1,0.5,0.017
DXCM,"DexCom, Inc.",Healthcare,84.75,3.33,39,27.1,0.31,0.21,0.16,0.053,0.2,0.0
CRM,"Salesforce, Inc.",Technology,192.74,3.33,17,129.7,0.13,0.21,0.1,0.111,0.8,0.009
ARIS,"Aris Water Solutions, Inc.",Basic Materials,17.4,3.33,192,3.1,0.11,0.42,1.04,0.057,0.2,0.008
HL,Hecla Mining Company,Basic Materials,16.85,3.33,198,10.4,0.11,0.44,0.18,0.046,-0.4,0.001
INCY,Incyte Corporation,Healthcare,120.56,3.33,28,22.7,0.26,0.27,0.21,0.064,-1.8,0.0
NBIX,"Neurocrine Biosciences, Inc.",Healthcare,163.41,3.33,20,16.9,0.2,0.25,0.29,0.049,0.2,0.0
THC,Tenet Healthcare Corporation,Healthcare,262.13,3.33,13,16.3,0.35,0.16,0.05,0.206,2.3,0.0
RDDT,"Reddit, Inc.",Communication Servic,161.7,3.33,21,32.1,0.22,0.25,0.71,0.027,-2.1,0.0
KTB,"Kontoor Brands, Inc.",Consumer Cyclical,77.05,3.33,43,4.6,0.45,0.12,0.21,0.087,2.6,0.027
AZZ,AZZ Inc.,Industrials,150.92,3.33,22,4.7,0.24,0.16,0.05,0.095,0.9,0.006
BLBD,Blue Bird Corporation,Consumer Cyclical,68.76,3.33,48,2.5,0.45,0.12,0.09,0.074,-0.9,0.0
BKE,"The Buckle, Inc.",Consumer Cyclical,45.94,3.33,73,2.2,0.52,0.21,0.07,0.099,0.4,0.161
T,AT&T Inc.,Communication Servic,23.79,3.33,140,157.9,0.19,0.19,0.03,0.11,2.8,0.047
LOPE,"Grand Canyon Education, Inc.",Consumer Defensive,152.53,3.33,22,3.9,0.32,0.28,0.07,0.068,0.0,0.0
PAYX,"Paychex, Inc.",Industrials,120.04,3.33,28,35.8,0.41,0.37,0.16,0.06,1.1,0.038
