L,strat,sig,name,n,games,gross_pp,ci_lo,ci_hi,pre_fee_gross_pp,fee_regime_gross_pp,fee_regime_net_pp,sel_gross_pp
0,A,q_lr all,eval,21772,1056,-0.08814179980556781,-1.8367746039034474,1.5971319465295046,-0.04599305812025375,-0.10807277696565037,-2.422892116826706,
0,B th=0.3,q_lr all,eval,7883,957,0.009955252339266267,-1.8164013176665845,1.8824001321159005,-0.6810272943932912,0.3162292812004018,-0.40877612534738456,0.7997919968721144
0,A,q_gold,eval,21775,1056,0.03149416528753713,-1.7525438285810195,1.8292224770672172,0.00035140256555509186,0.04622703903363499,-2.2704032259046913,
0,B th=0.3,q_gold,eval,7797,953,0.07804982096371482,-1.596119077265747,1.869742900462824,-1.0255705327550464,0.5726701615141179,-0.11609897454992232,0.5060395314254387
0,A,q_comb,eval,21172,1033,-2.6503267243293753,-5.479847127856765,-0.20689430125445077,-1.5035835002345377,-3.194782130809621,-6.445530067875045,
0,B th=0.2,q_comb,eval,2,2,42.99999999999936,20.0,65.99999999999872,65.99999999999872,20.0,20.0,62.00000011146979
30,A,q_lr all,eval,21768,1055,0.06076346118244266,-1.693104267715918,1.7049136023755869,0.08067472452412576,0.05135931157710115,-2.210684653662882,
30,B th=0.25,q_lr all,eval,10214,996,0.7478926307414497,-1.0883099471814914,2.6983554515036308,0.537010959903004,0.840383549472565,-0.08109981345446501,0.4703745578417821
30,A,q_gold,eval,21781,1057,0.2946870203477948,-1.3680676374997174,2.0365217169210896,0.06837407359361805,0.40152643188320514,-1.857061238736208,
30,B th=0.3,q_gold,eval,8137,968,0.21061974155989036,-1.410069428810586,1.9535126363762776,-0.8798638502898711,0.6964845218688621,0.03289698384978561,0.5898261916350026
30,A,q_comb,eval,21256,1046,-2.6021209748422356,-5.173497735289723,-0.005698628341426796,-1.5320756649726814,-3.109718940729582,-6.225047131177168,
30,B th=0.2,q_comb,eval,2,2,-35.012654097899826,-58.02530819579965,-12.0,-35.012654097899826,,,32.041350981290265
