segment,frames,games,ll,ece,cal_int,cal_slope
all,349422,10582,0.4606855886952596,0.015274499538989607,-0.048575987427136195,0.9367885007190868
min 0-10,93845,10582,0.5984549585069568,0.02633866074226777,-0.11069031582082553,0.9538633438333917
min 10-20,105067,10568,0.4926021790938286,0.017975393640761627,-0.03299134600142678,0.9204652552716305
min 20-30,99447,10537,0.3543193430660353,0.008761835857841842,0.013569739021611396,0.9489779266734248
min 30-99,51063,7117,0.3489698084963737,0.012474042657815147,-0.018657671840943444,0.9373391808759404
tier1 league,128064,3865,0.4738274668548139,0.018243970743322492,-0.03084815013261443,0.893659846505287
tier2 league,221358,6717,0.4530825136556172,0.013822344719573028,-0.05994641987476455,0.9640848532740336
international,10270,310,0.4702227563586008,0.021893384855474558,0.04520011572511993,0.9921488147964442
patch age < 7 d,130912,3958,0.4555799889862708,0.011696292411779784,-0.014475772220885152,0.9498259654184716
patch age >= 7 d,218510,6624,0.46374441560983165,0.01741856145675976,-0.06870127626304348,0.9289605568083601
fewest-games player < 20,63198,1927,0.4337346123487946,0.03071418365857742,-0.22138982537434357,1.0423017244588821
PM-linked games,54407,1625,0.4681743041990868,0.02262040627058768,-0.05981404067618898,0.8887951848571052
sd_boot lo,116474,9746,0.590633699803787,0.02217426509116563,-0.1025322335871736,0.9814361943122313
sd_boot mid,116474,10453,0.47092207117193297,0.01369953119277465,-0.008166334654546635,0.9285330122630461
sd_boot hi,116474,10543,0.3205009951100588,0.01371408583125968,-0.017975500834766234,0.9229590435869568
sd_dis lo,116474,9835,0.5898766516026787,0.024065200088588572,-0.09461881792440546,0.943239816896847
sd_dis mid,116474,10414,0.4869877605564956,0.012041990966315967,-0.018928927029891084,0.9372904027156915
sd_dis hi,116474,10560,0.30519235392660454,0.012100833953402236,-0.0034919771563486557,0.9325329346261323
