L,follow,n,matches,gross_pp,ci_lo,ci_hi
0,skilled,308,98,-2.4913486518268924,-8.432512607910622,2.6959229754956326
0,all takers,1044672,553,-0.31366959659091465,-0.5868919071119074,-0.0237991196455448
5,skilled,308,97,-2.7439785882060628,-8.725931168825012,2.48540881201806
5,all takers,1029798,550,-0.36871269725380956,-0.6603254325682291,-0.07780642243488116
15,skilled,242,90,-4.6455182087908575,-11.549266733713685,1.7878818593522718
15,all takers,1017741,544,-0.43484687860204757,-0.7341464460404328,-0.13033872268342608
30,skilled,229,88,-4.499562289777904,-11.315820974374285,2.0216401007751994
30,all takers,1007944,541,-0.4697959340317953,-0.7658099864026167,-0.17243631468071507
60,skilled,224,84,-4.510870320262189,-13.708986820979494,3.1411738199989796
60,all takers,994227,546,-0.5603160632668048,-0.8509263928280346,-0.27309735591596734
