model,frames,per_game_ll,ref_ll_same_frames,d_vs_ours,lo,hi,brier,acc,ece,ll@5,ll@10,ll@15,ll@20,ll@25,ll@30
ours lr all,349422,0.4339069245166376,0.4339069245166376,0.0,0.0,0.0,0.1535629292215064,0.7687552586843416,0.015274502823753646,0.6030561963606333,0.5467909520936272,0.48900064418326883,0.42013486850921317,0.33674723340861146,0.30684083605419427
ours lr no-prior,349422,0.457313003681212,0.4339069245166376,0.02340607916457451,0.019893081372217434,0.026848955875624952,0.16213250030589907,0.7460720847571132,0.0070011069664940835,0.6476065698528457,0.5730249900928647,0.5079325647995504,0.4313109264065314,0.3431361750696807,0.3095331317053656
snapshot@10 lr,10456,0.5755486796339049,0.54857459234522,0.026974087288684816,0.021628079299268018,0.03225747946139946,0.19717976800247192,0.6870696250956388,0.010975267210364167,,0.5730550048633604,,,,
snapshot@15 lr,10492,0.5099124032791633,0.49119323014550553,0.01871917313365774,0.014306394162015937,0.022964248377380665,0.17057415134856718,0.7431376286694624,0.011689209250048828,,,0.5097942120870487,,,
hodge per-minute lr,349422,0.45757973500734017,0.4339069245166376,0.023672810490702693,0.02014030197869669,0.027298104030903436,0.16212501312444746,0.7463010342794673,0.007457783248126452,0.6482500921054392,0.5728744984828911,0.5073769208613198,0.43272614843488344,0.3453419223129095,0.30980686245357153
riot/aws wp (gbm),349422,0.4613374767407934,0.4339069245166376,0.027430552224155774,0.023638889575271178,0.031291323496433855,0.1633344782303601,0.7437339377600724,0.0062794830367156156,0.6530489980847481,0.5794566593691037,0.5113323440090399,0.43409592053403456,0.3468827314935499,0.3126229196235346
riot/aws wp + prior,349422,0.4415515226239911,0.4339069245166376,0.0076445981073535825,0.005660101276911356,0.009639957418994984,0.15622247305133852,0.7649346635300582,0.01821047608685269,0.6096075791972311,0.5545905378933601,0.4964958852356163,0.4283911953575116,0.34449987526972975,0.31382655091001743
kim mlp,349422,0.4373348245861354,0.4339069245166376,0.0034279000694978287,0.002475472313141732,0.004424401634879681,0.15472835123491363,0.7672957054793345,0.01766728618792075,0.6044826708115373,0.5508869564984591,0.4927881817118536,0.42538585599579554,0.34258003569452217,0.30928648696181443
kim mlp + temp (T=0.98),349422,0.4374612849169723,0.4339069245166376,0.003554360400334725,0.002492258070320022,0.004593363367498613,0.15486335882568023,0.7672957054793345,0.020345029519209346,0.6050392125635137,0.5513435124413609,0.4933927472096594,0.4261490062668579,0.34305053120712486,0.30965734536386597
kim mlp DU-loss,349422,0.4368343332836773,0.4339069245166376,0.002927408767039682,0.00203822555998278,0.003834072991571433,0.15439335913515037,0.7677650520001603,0.016570500817758134,0.6038415768285349,0.550427651298866,0.4925664146113112,0.4234407585011089,0.3404874840601617,0.30939879757687255
silva rnn,349422,0.43729324022726196,0.4339069245166376,0.003386315710624405,0.002363581912591028,0.004393913830321974,0.15467919599727256,0.7674903125733354,0.022954313504698,0.6026321034439418,0.5474073509536084,0.4910331526639217,0.4267383842355111,0.34450220994374686,0.3115003000081674
silva lstm,349422,0.43712924633146916,0.4339069245166376,0.0032223218148316186,0.0021976339595871004,0.0042514319225698816,0.1546044241061403,0.7676877815363657,0.020826251892029496,0.6037986683129758,0.549143756539706,0.49208207587691916,0.4262881729707598,0.3431515071470425,0.308132986677321
